{"main-code_file:///e%3A/workspace/miniprogram/conference/conference/page/index/index.js":{"cursorState":[{"inSelectionMode":false,"selectionStart":{"lineNumber":7,"column":36},"position":{"lineNumber":7,"column":36}}],"viewState":{"scrollLeft":0,"firstPosition":{"lineNumber":12,"column":1},"firstPositionDeltaTop":-8},"contributionsState":{"editor.contrib.wordHighlighter":false,"editor.contrib.folding":{"collapsedRegions":[],"lineCount":76}}},"main-code_file:///e%3A/workspace/miniprogram/conference/conference/app.json":{"cursorState":[{"inSelectionMode":false,"selectionStart":{"lineNumber":7,"column":23},"position":{"lineNumber":7,"column":23}}],"viewState":{"scrollLeft":0,"firstPosition":{"lineNumber":1,"column":1},"firstPositionDeltaTop":0},"contributionsState":{"editor.contrib.wordHighlighter":false,"editor.contrib.folding":{"collapsedRegions":null,"lineCount":23,"provider":"indent"}}},"main-code_file:///e%3A/workspace/miniprogram/dingding_conference/conference/app.json":{"cursorState":[{"inSelectionMode":false,"selectionStart":{"lineNumber":10,"column":54},"position":{"lineNumber":10,"column":54}}],"viewState":{"scrollLeft":0,"firstPosition":{"lineNumber":1,"column":1},"firstPositionDeltaTop":0},"contributionsState":{"editor.contrib.wordHighlighter":false,"editor.contrib.folding":{"collapsedRegions":null,"lineCount":57,"provider":"indent"}}},"main-code_file:///e%3A/workspace/miniprogram/dingding_conference/conference/page/index/index.axml":{"cursorState":[{"inSelectionMode":false,"selectionStart":{"lineNumber":20,"column":15},"position":{"lineNumber":20,"column":15}}],"viewState":{"scrollLeft":0,"firstPosition":{"lineNumber":5,"column":1},"firstPositionDeltaTop":-12},"contributionsState":{"editor.contrib.wordHighlighter":false,"editor.contrib.folding":{"collapsedRegions":null,"lineCount":21,"provider":"indent"}}},"main-code_file:///e%3A/workspace/miniprogram/dingding_conference/conference/page/index/index.js":{"cursorState":[{"inSelectionMode":false,"selectionStart":{"lineNumber":117,"column":34},"position":{"lineNumber":117,"column":34}}],"viewState":{"scrollLeft":0,"firstPosition":{"lineNumber":78,"column":1},"firstPositionDeltaTop":-6},"contributionsState":{"editor.contrib.wordHighlighter":false,"editor.contrib.folding":{"collapsedRegions":null,"lineCount":230,"provider":"indent"}}},"main-code_file:///e%3A/workspace/miniprogram/dingding_conference/conference/page/addConference/addConference.js":{"cursorState":[{"inSelectionMode":false,"selectionStart":{"lineNumber":1,"column":1},"position":{"lineNumber":1,"column":1}}],"viewState":{"scrollLeft":0,"firstPosition":{"lineNumber":1,"column":1},"firstPositionDeltaTop":0},"contributionsState":{"editor.contrib.wordHighlighter":false,"editor.contrib.folding":{"collapsedRegions":null,"lineCount":5,"provider":"indent"}}},"main-code_file:///e%3A/workspace/miniprogram/dingding_conference/conference/page/addConference/addConference.axml":{"cursorState":[{"inSelectionMode":false,"selectionStart":{"lineNumber":2,"column":7},"position":{"lineNumber":2,"column":7}}],"viewState":{"scrollLeft":0,"firstPosition":{"lineNumber":1,"column":1},"firstPositionDeltaTop":0},"contributionsState":{"editor.contrib.wordHighlighter":false,"editor.contrib.folding":{"collapsedRegions":null,"lineCount":3,"provider":"indent"}}},"main-code_file:///e%3A/workspace/miniprogram/dingding_conference/conference/page/conferenceManager/conferenceManager/conferenceManager.js":{"cursorState":[{"inSelectionMode":false,"selectionStart":{"lineNumber":5,"column":1},"position":{"lineNumber":5,"column":1}}],"viewState":{"scrollLeft":0,"firstPosition":{"lineNumber":1,"column":1},"firstPositionDeltaTop":0},"contributionsState":{"editor.contrib.wordHighlighter":false,"editor.contrib.folding":{"collapsedRegions":null,"lineCount":5,"provider":"indent"}}},"main-code_file:///e%3A/workspace/miniprogram/dingding_conference/conference/page/conferenceManagement/conferenceManager/conferenceManager.js":{"cursorState":[{"inSelectionMode":false,"selectionStart":{"lineNumber":1,"column":1},"position":{"lineNumber":1,"column":1}}],"viewState":{"scrollLeft":0,"firstPosition":{"lineNumber":1,"column":1},"firstPositionDeltaTop":0},"contributionsState":{"editor.contrib.wordHighlighter":false,"editor.contrib.folding":{"collapsedRegions":null,"lineCount":5,"provider":"indent"}}},"main-code_file:///e%3A/workspace/miniprogram/dingding_conference/conference/page/statisticalReport/statisticalReport/statisticalReport.js":{"cursorState":[{"inSelectionMode":false,"selectionStart":{"lineNumber":1,"column":1},"position":{"lineNumber":1,"column":1}}],"viewState":{"scrollLeft":0,"firstPosition":{"lineNumber":1,"column":1},"firstPositionDeltaTop":0},"contributionsState":{"editor.contrib.wordHighlighter":false,"editor.contrib.folding":{"collapsedRegions":null,"lineCount":5,"provider":"indent"}}},"main-code_file:///e%3A/workspace/miniprogram/dingding_conference/conference/page/issueDeclaration/issueDeclaration/issueDeclaration.js":{"cursorState":[{"inSelectionMode":false,"selectionStart":{"lineNumber":22,"column":15},"position":{"lineNumber":22,"column":15}}],"viewState":{"scrollLeft":0,"firstPosition":{"lineNumber":3,"column":1},"firstPositionDeltaTop":-18},"contributionsState":{"editor.contrib.wordHighlighter":false,"editor.contrib.folding":{"collapsedRegions":null,"lineCount":29,"provider":"indent"}}},"main-code_file:///e%3A/workspace/miniprogram/dingding_conference/conference/page/conferenceManagement/addConference/addConference.js":{"cursorState":[{"inSelectionMode":false,"selectionStart":{"lineNumber":1,"column":1},"position":{"lineNumber":1,"column":1}}],"viewState":{"scrollLeft":0,"firstPosition":{"lineNumber":1,"column":1},"firstPositionDeltaTop":0},"contributionsState":{"editor.contrib.wordHighlighter":false,"editor.contrib.folding":{"collapsedRegions":null,"lineCount":5,"provider":"indent"}}},"main-code_file:///e%3A/workspace/miniprogram/dingding_conference/conference/page/conferenceManagement/addConference/addConference.json":{"cursorState":[{"inSelectionMode":false,"selectionStart":{"lineNumber":1,"column":1},"position":{"lineNumber":1,"column":1}}],"viewState":{"scrollLeft":0,"firstPosition":{"lineNumber":1,"column":1},"firstPositionDeltaTop":0},"contributionsState":{"editor.contrib.wordHighlighter":false,"editor.contrib.folding":{"collapsedRegions":null,"lineCount":1,"provider":"indent"}}},"main-code_file:///e%3A/workspace/miniprogram/dingding_conference/conference/page/conferenceManagement/addConference/addConference.axml":{"cursorState":[{"inSelectionMode":false,"selectionStart":{"lineNumber":7,"column":8},"position":{"lineNumber":7,"column":8}}],"viewState":{"scrollLeft":0,"firstPosition":{"lineNumber":1,"column":1},"firstPositionDeltaTop":0},"contributionsState":{"editor.contrib.wordHighlighter":false,"editor.contrib.folding":{"collapsedRegions":null,"lineCount":7,"provider":"indent"}}},"main-code_file:///e%3A/workspace/miniprogram/dingding_conference/conference/page/conferenceManagement/addConference/addConference.acss":{"cursorState":[{"inSelectionMode":false,"selectionStart":{"lineNumber":1,"column":1},"position":{"lineNumber":1,"column":1}}],"viewState":{"scrollLeft":0,"firstPosition":{"lineNumber":1,"column":1},"firstPositionDeltaTop":0},"contributionsState":{"editor.contrib.wordHighlighter":false,"editor.contrib.folding":{"collapsedRegions":null,"lineCount":1,"provider":"indent"}}},"main-code_file:///e%3A/workspace/miniprogram/dingding_conference/conference/app.js":{"cursorState":[{"inSelectionMode":false,"selectionStart":{"lineNumber":1,"column":1},"position":{"lineNumber":1,"column":1}}],"viewState":{"scrollLeft":0,"firstPosition":{"lineNumber":1,"column":1},"firstPositionDeltaTop":0},"contributionsState":{"editor.contrib.wordHighlighter":false,"editor.contrib.folding":{"collapsedRegions":null,"lineCount":17,"provider":"indent"}}},"main-code_file:///e%3A/workspace/miniprogram/dingding_conference/conference/app.acss":{"cursorState":[{"inSelectionMode":false,"selectionStart":{"lineNumber":1,"column":1},"position":{"lineNumber":1,"column":1}}],"viewState":{"scrollLeft":0,"firstPosition":{"lineNumber":1,"column":1},"firstPositionDeltaTop":0},"contributionsState":{"editor.contrib.wordHighlighter":false,"editor.contrib.folding":{"collapsedRegions":null,"lineCount":105,"provider":"indent"}}},"main-code_file:///e%3A/workspace/miniprogram/dingding_conference/conference/page/issueDeclaration/issueDeclaration/issueDeclaration.axml":{"cursorState":[{"inSelectionMode":true,"selectionStart":{"lineNumber":7,"column":42},"position":{"lineNumber":7,"column":54}}],"viewState":{"scrollLeft":0,"firstPosition":{"lineNumber":1,"column":1},"firstPositionDeltaTop":0},"contributionsState":{"editor.contrib.wordHighlighter":false,"editor.contrib.folding":{"collapsedRegions":null,"lineCount":12,"provider":"indent"}}},"main-code_file:///e%3A/workspace/miniprogram/dingding_conference/conference/page/meetingAgenda/meetingAgenda/meetingAgenda.axml":{"cursorState":[{"inSelectionMode":false,"selectionStart":{"lineNumber":15,"column":60},"position":{"lineNumber":15,"column":60}}],"viewState":{"scrollLeft":3,"firstPosition":{"lineNumber":1,"column":1},"firstPositionDeltaTop":0},"contributionsState":{"editor.contrib.wordHighlighter":false,"editor.contrib.folding":{"collapsedRegions":[],"lineCount":20}}},"main-code_file:///e%3A/workspace/miniprogram/dingding_conference/conference/page/meetingAgenda/meetingAgenda/meetingAgenda.acss":{"cursorState":[{"inSelectionMode":true,"selectionStart":{"lineNumber":20,"column":2},"position":{"lineNumber":1,"column":1}}],"viewState":{"scrollLeft":0,"firstPosition":{"lineNumber":1,"column":1},"firstPositionDeltaTop":0},"contributionsState":{"editor.contrib.wordHighlighter":false,"editor.contrib.folding":{"collapsedRegions":null,"lineCount":20,"provider":"indent"}}},"main-code_file:///e%3A/workspace/miniprogram/dingding_conference/conference/page/issueDeclaration/issueDeclaration/issueDeclaration.acss":{"cursorState":[{"inSelectionMode":false,"selectionStart":{"lineNumber":20,"column":2},"position":{"lineNumber":20,"column":2}}],"viewState":{"scrollLeft":0,"firstPosition":{"lineNumber":1,"column":1},"firstPositionDeltaTop":0},"contributionsState":{"editor.contrib.wordHighlighter":false,"editor.contrib.folding":{"collapsedRegions":null,"lineCount":20,"provider":"indent"}}},"main-code_file:///e%3A/workspace/miniprogram/dingding_conference/conference/page/meetingAgenda/addConference/addConference.js":{"cursorState":[{"inSelectionMode":false,"selectionStart":{"lineNumber":1,"column":1},"position":{"lineNumber":1,"column":1}}],"viewState":{"scrollLeft":0,"firstPosition":{"lineNumber":1,"column":1},"firstPositionDeltaTop":0},"contributionsState":{"editor.contrib.wordHighlighter":false,"editor.contrib.folding":{"collapsedRegions":null,"lineCount":5,"provider":"indent"}}},"main-code_file:///e%3A/workspace/miniprogram/dingding_conference/conference/page/meetingAgenda/addConference/addConference.axml":{"cursorState":[{"inSelectionMode":false,"selectionStart":{"lineNumber":19,"column":47},"position":{"lineNumber":19,"column":47}}],"viewState":{"scrollLeft":0,"firstPosition":{"lineNumber":1,"column":1},"firstPositionDeltaTop":0},"contributionsState":{"editor.contrib.wordHighlighter":false,"editor.contrib.folding":{"collapsedRegions":null,"lineCount":21,"provider":"indent"}}},"main-code_file:///e%3A/workspace/miniprogram/dingding_conference/conference/page/meetingAgenda/meetingAgenda/meetingAgenda.js":{"cursorState":[{"inSelectionMode":true,"selectionStart":{"lineNumber":41,"column":5},"position":{"lineNumber":41,"column":23}}],"viewState":{"scrollLeft":0,"firstPosition":{"lineNumber":26,"column":1},"firstPositionDeltaTop":-12},"contributionsState":{"editor.contrib.wordHighlighter":false,"editor.contrib.folding":{"collapsedRegions":null,"lineCount":54,"provider":"indent"}}},"main-code_file:///e%3A/workspace/miniprogram/dingding_conference/conference/page/meetingAgenda/meetingAgenda/meetingAgenda.json":{"cursorState":[{"inSelectionMode":false,"selectionStart":{"lineNumber":1,"column":1},"position":{"lineNumber":1,"column":1}}],"viewState":{"scrollLeft":0,"firstPosition":{"lineNumber":1,"column":1},"firstPositionDeltaTop":0},"contributionsState":{"editor.contrib.wordHighlighter":false,"editor.contrib.folding":{"collapsedRegions":null,"lineCount":1,"provider":"indent"}}},"main-code_file:///e%3A/workspace/miniprogram/dingding_conference/conference/page/meetingAgenda/conferenceList/conferenceList.js":{"cursorState":[{"inSelectionMode":false,"selectionStart":{"lineNumber":1,"column":1},"position":{"lineNumber":1,"column":1}}],"viewState":{"scrollLeft":0,"firstPosition":{"lineNumber":1,"column":1},"firstPositionDeltaTop":0},"contributionsState":{"editor.contrib.wordHighlighter":false,"editor.contrib.folding":{"collapsedRegions":null,"lineCount":5,"provider":"indent"}}},"main-code_file:///e%3A/workspace/miniprogram/dingding_conference/conference/page/meetingAgenda/conferenceList/conferenceList.axml":{"cursorState":[{"inSelectionMode":false,"selectionStart":{"lineNumber":3,"column":33},"position":{"lineNumber":3,"column":33}}],"viewState":{"scrollLeft":0,"firstPosition":{"lineNumber":1,"column":1},"firstPositionDeltaTop":0},"contributionsState":{"editor.contrib.wordHighlighter":false,"editor.contrib.folding":{"collapsedRegions":null,"lineCount":7,"provider":"indent"}}},"main-code_file:///e%3A/workspace/miniprogram/dingding_conference/conference/page/issueDeclaration/addAgenda/addAgenda.js":{"cursorState":[{"inSelectionMode":false,"selectionStart":{"lineNumber":5,"column":1},"position":{"lineNumber":5,"column":1}}],"viewState":{"scrollLeft":0,"firstPosition":{"lineNumber":1,"column":1},"firstPositionDeltaTop":0},"contributionsState":{"editor.contrib.wordHighlighter":false,"editor.contrib.folding":{"collapsedRegions":null,"lineCount":5,"provider":"indent"}}},"main-code_file:///e%3A/workspace/miniprogram/dingding_conference/conference/page/issueDeclaration/addAgenda/addAgenda.axml":{"cursorState":[{"inSelectionMode":false,"selectionStart":{"lineNumber":22,"column":49},"position":{"lineNumber":22,"column":49}}],"viewState":{"scrollLeft":0,"firstPosition":{"lineNumber":1,"column":1},"firstPositionDeltaTop":0},"contributionsState":{"editor.contrib.wordHighlighter":false,"editor.contrib.folding":{"collapsedRegions":null,"lineCount":24,"provider":"indent"}}},"main-code_file:///e%3A/workspace/miniprogram/dingding_conference/conference/page/issueDeclaration/agendaList/agendaList.js":{"cursorState":[{"inSelectionMode":false,"selectionStart":{"lineNumber":1,"column":1},"position":{"lineNumber":1,"column":1}}],"viewState":{"scrollLeft":0,"firstPosition":{"lineNumber":1,"column":1},"firstPositionDeltaTop":0},"contributionsState":{"editor.contrib.wordHighlighter":false,"editor.contrib.folding":{"collapsedRegions":null,"lineCount":5,"provider":"indent"}}},"main-code_file:///e%3A/workspace/miniprogram/dingding_conference/conference/page/issueDeclaration/agendaList/agendaList.axml":{"cursorState":[{"inSelectionMode":false,"selectionStart":{"lineNumber":2,"column":9},"position":{"lineNumber":2,"column":9}}],"viewState":{"scrollLeft":0,"firstPosition":{"lineNumber":1,"column":1},"firstPositionDeltaTop":0},"contributionsState":{"editor.contrib.wordHighlighter":false,"editor.contrib.folding":{"collapsedRegions":null,"lineCount":3,"provider":"indent"}}},"main-code_file:///e%3A/workspace/miniprogram/dingding_conference/conference/page/meetingAgenda/addConference/addConference.json":{"cursorState":[{"inSelectionMode":false,"selectionStart":{"lineNumber":1,"column":1},"position":{"lineNumber":1,"column":1}}],"viewState":{"scrollLeft":0,"firstPosition":{"lineNumber":1,"column":1},"firstPositionDeltaTop":0},"contributionsState":{"editor.contrib.wordHighlighter":false,"editor.contrib.folding":{"collapsedRegions":null,"lineCount":1,"provider":"indent"}}},"main-code_file:///e%3A/workspace/miniprogram/dingding_conference/conference/page/meetingAgenda/conferenceDetail/conferenceDetail.js":{"cursorState":[{"inSelectionMode":false,"selectionStart":{"lineNumber":1,"column":1},"position":{"lineNumber":1,"column":1}}],"viewState":{"scrollLeft":0,"firstPosition":{"lineNumber":1,"column":1},"firstPositionDeltaTop":0},"contributionsState":{"editor.contrib.wordHighlighter":false,"editor.contrib.folding":{"collapsedRegions":null,"lineCount":5,"provider":"indent"}}},"main-code_file:///e%3A/workspace/miniprogram/dingding_conference/conference/page/meetingAgenda/conferenceDetail/conferenceDetail.axml":{"cursorState":[{"inSelectionMode":false,"selectionStart":{"lineNumber":2,"column":9},"position":{"lineNumber":2,"column":9}}],"viewState":{"scrollLeft":0,"firstPosition":{"lineNumber":1,"column":1},"firstPositionDeltaTop":0},"contributionsState":{"editor.contrib.wordHighlighter":false,"editor.contrib.folding":{"collapsedRegions":null,"lineCount":3,"provider":"indent"}}},"main-code_file:///e%3A/workspace/miniprogram/dingding_conference/conference/page/meetingAgenda/AgendaManagement/AgendaManagement.js":{"cursorState":[{"inSelectionMode":false,"selectionStart":{"lineNumber":1,"column":1},"position":{"lineNumber":1,"column":1}}],"viewState":{"scrollLeft":0,"firstPosition":{"lineNumber":1,"column":1},"firstPositionDeltaTop":0},"contributionsState":{"editor.contrib.wordHighlighter":false,"editor.contrib.folding":{"collapsedRegions":null,"lineCount":5,"provider":"indent"}}},"main-code_file:///e%3A/workspace/miniprogram/dingding_conference/conference/page/meetingAgenda/AgendaManagement/AgendaManagement.axml":{"cursorState":[{"inSelectionMode":false,"selectionStart":{"lineNumber":3,"column":8},"position":{"lineNumber":3,"column":8}}],"viewState":{"scrollLeft":0,"firstPosition":{"lineNumber":1,"column":1},"firstPositionDeltaTop":0},"contributionsState":{"editor.contrib.wordHighlighter":false,"editor.contrib.folding":{"collapsedRegions":null,"lineCount":3,"provider":"indent"}}},"main-code_file:///e%3A/workspace/miniprogram/dingding_conference/conference/page/meetingAgenda/agendaManagement/agendaManagement.axml":{"cursorState":[{"inSelectionMode":false,"selectionStart":{"lineNumber":1,"column":1},"position":{"lineNumber":1,"column":1}}],"viewState":{"scrollLeft":0,"firstPosition":{"lineNumber":1,"column":1},"firstPositionDeltaTop":0},"contributionsState":{"editor.contrib.wordHighlighter":false,"editor.contrib.folding":{"collapsedRegions":null,"lineCount":3,"provider":"indent"}}},"main-code_file:///e%3A/workspace/miniprogram/dingding_conference/conference/page/meetingAgenda/agendaManagement/agendaManagement.json":{"cursorState":[{"inSelectionMode":false,"selectionStart":{"lineNumber":1,"column":1},"position":{"lineNumber":1,"column":1}}],"viewState":{"scrollLeft":0,"firstPosition":{"lineNumber":1,"column":1},"firstPositionDeltaTop":0},"contributionsState":{"editor.contrib.wordHighlighter":false,"editor.contrib.folding":{"collapsedRegions":null,"lineCount":1,"provider":"indent"}}},"main-code_file:///e%3A/workspace/miniprogram/dingding_conference/conference/page/index/index.acss":{"cursorState":[{"inSelectionMode":false,"selectionStart":{"lineNumber":4,"column":2},"position":{"lineNumber":4,"column":2}}],"viewState":{"scrollLeft":0,"firstPosition":{"lineNumber":1,"column":1},"firstPositionDeltaTop":0},"contributionsState":{"editor.contrib.wordHighlighter":false,"editor.contrib.folding":{"collapsedRegions":null,"lineCount":4,"provider":"indent"}}},"main-code_file:///e%3A/workspace/miniprogram/dingding_conference/conference/page/meetingAgenda/conferenceList/conferenceList.json":{"cursorState":[{"inSelectionMode":false,"selectionStart":{"lineNumber":1,"column":1},"position":{"lineNumber":1,"column":1}}],"viewState":{"scrollLeft":0,"firstPosition":{"lineNumber":1,"column":1},"firstPositionDeltaTop":0},"contributionsState":{"editor.contrib.wordHighlighter":false,"editor.contrib.folding":{"collapsedRegions":null,"lineCount":1,"provider":"indent"}}},"main-code_file:///e%3A/workspace/miniprogram/dingding_conference/conference/page/meetingAgenda/conferenceList/conferenceList.acss":{"cursorState":[{"inSelectionMode":false,"selectionStart":{"lineNumber":2,"column":17},"position":{"lineNumber":2,"column":17}}],"viewState":{"scrollLeft":0,"firstPosition":{"lineNumber":1,"column":1},"firstPositionDeltaTop":0},"contributionsState":{"editor.contrib.wordHighlighter":false,"editor.contrib.folding":{"collapsedRegions":null,"lineCount":4,"provider":"indent"}}},"main-code_file:///Users/Tabbits/Desktop/workspace/miniprograme/ding_conference/dingding_conference/dingding_conference/conference/page/meetingAgenda/conferenceDetail/conferenceDetail.axml":{"cursorState":[{"inSelectionMode":false,"selectionStart":{"lineNumber":156,"column":70},"position":{"lineNumber":156,"column":70}}],"viewState":{"scrollLeft":0,"firstPosition":{"lineNumber":150,"column":1},"firstPositionDeltaTop":-11},"contributionsState":{"editor.contrib.wordHighlighter":false,"editor.contrib.folding":{"collapsedRegions":null,"lineCount":163,"provider":"indent"}}},"main-code_file:///Users/Tabbits/Desktop/workspace/miniprograme/ding_conference/dingding_conference/dingding_conference/conference/page/meetingAgenda/conferenceDetail/conferenceDetail.js":{"cursorState":[{"inSelectionMode":false,"selectionStart":{"lineNumber":1,"column":1},"position":{"lineNumber":1,"column":1}}],"viewState":{"scrollLeft":0,"firstPosition":{"lineNumber":553,"column":1},"firstPositionDeltaTop":-26},"contributionsState":{"editor.contrib.wordHighlighter":false,"editor.contrib.folding":{"collapsedRegions":null,"lineCount":711,"provider":"indent"}}},"main-code_file:///Users/Tabbits/Desktop/workspace/miniprograme/ding_conference/dingding_conference/dingding_conference/conference/page/issueDeclaration/agendaList/agendaList.axml":{"cursorState":[{"inSelectionMode":true,"selectionStart":{"lineNumber":55,"column":10},"position":{"lineNumber":55,"column":73}}],"viewState":{"scrollLeft":58,"firstPosition":{"lineNumber":43,"column":1},"firstPositionDeltaTop":0},"contributionsState":{"editor.contrib.wordHighlighter":false,"editor.contrib.folding":{"collapsedRegions":null,"lineCount":59,"provider":"indent"}}},"main-code_file:///Users/Tabbits/Desktop/workspace/miniprograme/ding_conference/dingding_conference/dingding_conference/conference/app.acss":{"cursorState":[{"inSelectionMode":false,"selectionStart":{"lineNumber":17,"column":22},"position":{"lineNumber":17,"column":22}}],"viewState":{"scrollLeft":0,"firstPosition":{"lineNumber":1,"column":1},"firstPositionDeltaTop":34},"contributionsState":{"editor.contrib.wordHighlighter":false,"editor.contrib.folding":{"collapsedRegions":null,"lineCount":313,"provider":"indent"}}},"main-code_file:///Users/Tabbits/Desktop/workspace/miniprograme/ding_conference/dingding_conference/dingding_conference/conference/page/issueDeclaration/addAgenda/addAgenda.axml":{"cursorState":[{"inSelectionMode":false,"selectionStart":{"lineNumber":37,"column":32},"position":{"lineNumber":37,"column":32}}],"viewState":{"scrollLeft":0,"firstPosition":{"lineNumber":16,"column":1},"firstPositionDeltaTop":-4},"contributionsState":{"editor.contrib.wordHighlighter":false,"editor.contrib.folding":{"collapsedRegions":null,"lineCount":51,"provider":"indent"}}},"main-code_file:///Users/Tabbits/Desktop/workspace/miniprograme/ding_conference/dingding_conference/dingding_conference/conference/app.json":{"cursorState":[{"inSelectionMode":false,"selectionStart":{"lineNumber":14,"column":25},"position":{"lineNumber":14,"column":25}}],"viewState":{"scrollLeft":0,"firstPosition":{"lineNumber":5,"column":1},"firstPositionDeltaTop":-1},"contributionsState":{"editor.contrib.wordHighlighter":false,"editor.contrib.folding":{"collapsedRegions":null,"lineCount":57,"provider":"indent"}}},"main-code_file:///Users/Tabbits/Desktop/workspace/miniprograme/ding_conference/dingding_conference/dingding_conference/conference/page/issueDeclaration/agendaList/agendaList.js":{"cursorState":[{"inSelectionMode":true,"selectionStart":{"lineNumber":197,"column":3},"position":{"lineNumber":168,"column":2}}],"viewState":{"scrollLeft":0,"firstPosition":{"lineNumber":160,"column":1},"firstPositionDeltaTop":-17},"contributionsState":{"editor.contrib.wordHighlighter":false,"editor.contrib.folding":{"collapsedRegions":null,"lineCount":199,"provider":"indent"}}},"main-code_file:///Users/Tabbits/Desktop/workspace/miniprograme/ding_conference/dingding_conference/dingding_conference/conference/page/meetingAgenda/addConference/addConference.axml":{"cursorState":[{"inSelectionMode":false,"selectionStart":{"lineNumber":28,"column":51},"position":{"lineNumber":28,"column":51}}],"viewState":{"scrollLeft":0,"firstPosition":{"lineNumber":13,"column":1},"firstPositionDeltaTop":-12},"contributionsState":{"editor.contrib.wordHighlighter":false,"editor.contrib.folding":{"collapsedRegions":null,"lineCount":81,"provider":"indent"}}},"main-code_file:///Users/Tabbits/Desktop/workspace/miniprograme/ding_conference/dingding_conference/dingding_conference/conference/page/templates/collapse/collapse.js":{"cursorState":[{"inSelectionMode":false,"selectionStart":{"lineNumber":1,"column":19},"position":{"lineNumber":1,"column":19}}],"viewState":{"scrollLeft":0,"firstPosition":{"lineNumber":1,"column":1},"firstPositionDeltaTop":34},"contributionsState":{"editor.contrib.wordHighlighter":false,"editor.contrib.folding":{"collapsedRegions":null,"lineCount":1,"provider":"indent"}}},"main-code_file:///Users/Tabbits/Desktop/workspace/miniprograme/ding_conference/dingding_conference/dingding_conference/conference/page/templates/collapse/collapse.axml":{"cursorState":[{"inSelectionMode":true,"selectionStart":{"lineNumber":11,"column":39},"position":{"lineNumber":11,"column":44}}],"viewState":{"scrollLeft":0,"firstPosition":{"lineNumber":1,"column":1},"firstPositionDeltaTop":0},"contributionsState":{"editor.contrib.wordHighlighter":false,"editor.contrib.folding":{"collapsedRegions":null,"lineCount":20,"provider":"indent"}}},"main-code_file:///Users/Tabbits/Desktop/workspace/miniprograme/ding_conference/dingding_conference/dingding_conference/conference/page/templates/collapse/collapse.json":{"cursorState":[{"inSelectionMode":false,"selectionStart":{"lineNumber":1,"column":1},"position":{"lineNumber":1,"column":1}}],"viewState":{"scrollLeft":0,"firstPosition":{"lineNumber":1,"column":1},"firstPositionDeltaTop":0},"contributionsState":{"editor.contrib.wordHighlighter":false,"editor.contrib.folding":{"collapsedRegions":null,"lineCount":1,"provider":"indent"}}},"main-code_file:///Users/Tabbits/Desktop/workspace/miniprograme/ding_conference/dingding_conference/dingding_conference/conference/page/templates/collapse/collapse.acss":{"cursorState":[{"inSelectionMode":false,"selectionStart":{"lineNumber":11,"column":1},"position":{"lineNumber":11,"column":1}}],"viewState":{"scrollLeft":0,"firstPosition":{"lineNumber":1,"column":1},"firstPositionDeltaTop":34},"contributionsState":{"editor.contrib.wordHighlighter":false,"editor.contrib.folding":{"collapsedRegions":null,"lineCount":39,"provider":"indent"}}},"main-code_file:///Users/Tabbits/Desktop/workspace/miniprograme/ding_conference/dingding_conference/dingding_conference/conference/page/meetingAgenda/addConference/addConference.js":{"cursorState":[{"inSelectionMode":false,"selectionStart":{"lineNumber":1,"column":1},"position":{"lineNumber":1,"column":1}}],"viewState":{"scrollLeft":0,"firstPosition":{"lineNumber":178,"column":1},"firstPositionDeltaTop":-6},"contributionsState":{"editor.contrib.wordHighlighter":false,"editor.contrib.folding":{"collapsedRegions":null,"lineCount":583,"provider":"indent"}}},"main-code_file:///Users/Tabbits/Desktop/workspace/miniprograme/ding_conference/dingding_conference/dingding_conference/conference/page/meetingAgenda/addConference/addConference.acss":{"cursorState":[{"inSelectionMode":true,"selectionStart":{"lineNumber":1,"column":1},"position":{"lineNumber":232,"column":5}}],"viewState":{"scrollLeft":0,"firstPosition":{"lineNumber":2,"column":1},"firstPositionDeltaTop":-10},"contributionsState":{"editor.contrib.wordHighlighter":false,"editor.contrib.folding":{"collapsedRegions":null,"lineCount":232,"provider":"indent"}}},"main-code_file:///Users/Tabbits/Desktop/workspace/miniprograme/ding_conference/dingding_conference/dingding_conference/conference/page/index/index.axml":{"cursorState":[{"inSelectionMode":false,"selectionStart":{"lineNumber":1,"column":1},"position":{"lineNumber":1,"column":1}}],"viewState":{"scrollLeft":0,"firstPosition":{"lineNumber":1,"column":1},"firstPositionDeltaTop":0},"contributionsState":{"editor.contrib.wordHighlighter":false,"editor.contrib.folding":{"collapsedRegions":null,"lineCount":81,"provider":"indent"}}},"main-code_file:///Users/Tabbits/Desktop/workspace/miniprograme/ding_conference/dingding_conference/dingding_conference/conference/page/index/index.js":{"cursorState":[{"inSelectionMode":true,"selectionStart":{"lineNumber":53,"column":11},"position":{"lineNumber":53,"column":17}}],"viewState":{"scrollLeft":0,"firstPosition":{"lineNumber":47,"column":1},"firstPositionDeltaTop":-11},"contributionsState":{"editor.contrib.wordHighlighter":false,"editor.contrib.folding":{"collapsedRegions":null,"lineCount":182,"provider":"indent"}}},"main-code_file:///Users/Tabbits/Desktop/workspace/miniprograme/ding_conference/dingding_conference/dingding_conference/conference/page/meetingAgenda/bookMeetingRoom/bookMeetingRoom.js":{"cursorState":[{"inSelectionMode":false,"selectionStart":{"lineNumber":34,"column":27},"position":{"lineNumber":34,"column":27}}],"viewState":{"scrollLeft":0,"firstPosition":{"lineNumber":25,"column":1},"firstPositionDeltaTop":-3},"contributionsState":{"editor.contrib.wordHighlighter":false,"editor.contrib.folding":{"collapsedRegions":null,"lineCount":71,"provider":"indent"}}},"main-code_file:///Users/Tabbits/Desktop/workspace/miniprograme/ding_conference/dingding_conference/dingding_conference/conference/page/meetingAgenda/bookMeetingRoom/bookMeetingRoom.axml":{"cursorState":[{"inSelectionMode":false,"selectionStart":{"lineNumber":24,"column":16},"position":{"lineNumber":24,"column":16}}],"viewState":{"scrollLeft":0,"firstPosition":{"lineNumber":20,"column":1},"firstPositionDeltaTop":-11},"contributionsState":{"editor.contrib.wordHighlighter":false,"editor.contrib.folding":{"collapsedRegions":null,"lineCount":30,"provider":"indent"}}},"main-code_file:///Users/Tabbits/Desktop/workspace/miniprograme/ding_conference/dingding_conference/dingding_conference/conference/page/meetingAgenda/bookMeetingRoom/bookMeetingRoom.json":{"cursorState":[{"inSelectionMode":false,"selectionStart":{"lineNumber":2,"column":27},"position":{"lineNumber":2,"column":27}}],"viewState":{"scrollLeft":0,"firstPosition":{"lineNumber":1,"column":1},"firstPositionDeltaTop":0},"contributionsState":{"editor.contrib.wordHighlighter":false,"editor.contrib.folding":{"collapsedRegions":null,"lineCount":3,"provider":"indent"}}},"main-code_file:///Users/Tabbits/Desktop/workspace/miniprograme/ding_conference/dingding_conference/dingding_conference/conference/page/meetingAgenda/meetingAgenda/meetingAgenda.js":{"cursorState":[{"inSelectionMode":true,"selectionStart":{"lineNumber":50,"column":12},"position":{"lineNumber":42,"column":9}}],"viewState":{"scrollLeft":0,"firstPosition":{"lineNumber":26,"column":1},"firstPositionDeltaTop":-16},"contributionsState":{"editor.contrib.wordHighlighter":false,"editor.contrib.folding":{"collapsedRegions":null,"lineCount":54,"provider":"indent"}}},"main-code_file:///Users/Tabbits/Desktop/workspace/miniprograme/ding_conference/dingding_conference/dingding_conference/conference/app.js":{"cursorState":[{"inSelectionMode":false,"selectionStart":{"lineNumber":33,"column":37},"position":{"lineNumber":33,"column":37}}],"viewState":{"scrollLeft":0,"firstPosition":{"lineNumber":26,"column":1},"firstPositionDeltaTop":-3},"contributionsState":{"editor.contrib.wordHighlighter":false,"editor.contrib.folding":{"collapsedRegions":null,"lineCount":133,"provider":"indent"}}},"main-code_file:///Users/Tabbits/Desktop/workspace/miniprograme/ding_conference/dingding_conference/dingding_conference/conference/page/index/index.acss":{"cursorState":[{"inSelectionMode":false,"selectionStart":{"lineNumber":195,"column":24},"position":{"lineNumber":195,"column":24}}],"viewState":{"scrollLeft":0,"firstPosition":{"lineNumber":185,"column":1},"firstPositionDeltaTop":-8},"contributionsState":{"editor.contrib.wordHighlighter":false,"editor.contrib.folding":{"collapsedRegions":null,"lineCount":531,"provider":"indent"}}},"main-code_file:///Users/Tabbits/Desktop/workspace/miniprograme/ding_conference/dingding_conference/dingding_conference/conference/page/meetingAgenda/conferenceList/conferenceList.axml":{"cursorState":[{"inSelectionMode":true,"selectionStart":{"lineNumber":1,"column":1},"position":{"lineNumber":23,"column":8}}],"viewState":{"scrollLeft":0,"firstPosition":{"lineNumber":9,"column":1},"firstPositionDeltaTop":0},"contributionsState":{"editor.contrib.wordHighlighter":false,"editor.contrib.folding":{"collapsedRegions":null,"lineCount":23,"provider":"indent"}}},"main-code_file:///Users/Tabbits/Desktop/workspace/miniprograme/ding_conference/dingding_conference/dingding_conference/conference/page/meetingAgenda/conferenceList/conferenceList.js":{"cursorState":[{"inSelectionMode":true,"selectionStart":{"lineNumber":85,"column":5},"position":{"lineNumber":190,"column":6}}],"viewState":{"scrollLeft":0,"firstPosition":{"lineNumber":173,"column":1},"firstPositionDeltaTop":-22},"contributionsState":{"editor.contrib.wordHighlighter":false,"editor.contrib.folding":{"collapsedRegions":null,"lineCount":192,"provider":"indent"}}},"main-code_file:///Users/Tabbits/Desktop/workspace/miniprograme/ding_conference/dingding_conference/dingding_conference/conference/page/meetingAgenda/meetingAgenda/meetingAgenda.axml":{"cursorState":[{"inSelectionMode":false,"selectionStart":{"lineNumber":20,"column":8},"position":{"lineNumber":20,"column":8}}],"viewState":{"scrollLeft":0,"firstPosition":{"lineNumber":1,"column":1},"firstPositionDeltaTop":0},"contributionsState":{"editor.contrib.wordHighlighter":false,"editor.contrib.folding":{"collapsedRegions":null,"lineCount":20,"provider":"indent"}}},"main-code_file:///Users/Tabbits/Desktop/workspace/miniprograme/ding_conference/dingding_conference/dingding_conference/conference/utils/lodash.js":{"cursorState":[{"inSelectionMode":false,"selectionStart":{"lineNumber":17107,"column":15},"position":{"lineNumber":17107,"column":15}}],"viewState":{"scrollLeft":0,"firstPosition":{"lineNumber":17084,"column":1},"firstPositionDeltaTop":-5},"contributionsState":{"editor.contrib.wordHighlighter":false,"editor.contrib.folding":{"collapsedRegions":null,"lineCount":17107,"provider":"indent"}}},"main-code_file:///Users/Tabbits/Desktop/workspace/miniprograme/ding_conference/dingding_conference/dingding_conference/conference/page/index/search/search.js":{"cursorState":[{"inSelectionMode":false,"selectionStart":{"lineNumber":15,"column":18},"position":{"lineNumber":15,"column":18}}],"viewState":{"scrollLeft":0,"firstPosition":{"lineNumber":1,"column":1},"firstPositionDeltaTop":34},"contributionsState":{"editor.contrib.wordHighlighter":false,"editor.contrib.folding":{"collapsedRegions":null,"lineCount":32,"provider":"indent"}}},"main-code_file:///Users/Tabbits/Desktop/workspace/miniprograme/ding_conference/dingding_conference/dingding_conference/conference/page/index/search/search.axml":{"cursorState":[{"inSelectionMode":true,"selectionStart":{"lineNumber":6,"column":77},"position":{"lineNumber":6,"column":83}}],"viewState":{"scrollLeft":0,"firstPosition":{"lineNumber":1,"column":1},"firstPositionDeltaTop":0},"contributionsState":{"editor.contrib.wordHighlighter":true,"editor.contrib.folding":{"collapsedRegions":null,"lineCount":11,"provider":"indent"}}},"main-code_file:///Users/Tabbits/Desktop/workspace/miniprograme/ding_conference/dingding_conference/dingding_conference/conference/page/index/search/search.acss":{"cursorState":[{"inSelectionMode":false,"selectionStart":{"lineNumber":3,"column":22},"position":{"lineNumber":3,"column":22}}],"viewState":{"scrollLeft":0,"firstPosition":{"lineNumber":1,"column":1},"firstPositionDeltaTop":0},"contributionsState":{"editor.contrib.wordHighlighter":false,"editor.contrib.folding":{"collapsedRegions":null,"lineCount":47,"provider":"indent"}}},"main-code_file:///Users/Tabbits/Desktop/workspace/miniprograme/ding_conference/dingding_conference/dingding_conference/conference/page/index/addMeetingSummary/addMeetingSummary.js":{"cursorState":[{"inSelectionMode":false,"selectionStart":{"lineNumber":9,"column":17},"position":{"lineNumber":9,"column":17}}],"viewState":{"scrollLeft":0,"firstPosition":{"lineNumber":1,"column":1},"firstPositionDeltaTop":-11},"contributionsState":{"editor.contrib.wordHighlighter":false,"editor.contrib.folding":{"collapsedRegions":null,"lineCount":38,"provider":"indent"}}},"main-code_file:///Users/Tabbits/Desktop/workspace/miniprograme/ding_conference/dingding_conference/dingding_conference/conference/page/index/addMeetingSummary/addMeetingSummary.acss":{"cursorState":[{"inSelectionMode":true,"selectionStart":{"lineNumber":46,"column":2},"position":{"lineNumber":37,"column":1}}],"viewState":{"scrollLeft":0,"firstPosition":{"lineNumber":29,"column":1},"firstPositionDeltaTop":-10},"contributionsState":{"editor.contrib.wordHighlighter":false,"editor.contrib.folding":{"collapsedRegions":null,"lineCount":97,"provider":"indent"}}},"main-code_file:///Users/Tabbits/Desktop/workspace/miniprograme/ding_conference/dingding_conference/dingding_conference/conference/page/index/addMeetingSummary/addMeetingSummary.axml":{"cursorState":[{"inSelectionMode":false,"selectionStart":{"lineNumber":22,"column":71},"position":{"lineNumber":22,"column":71}}],"viewState":{"scrollLeft":0,"firstPosition":{"lineNumber":16,"column":1},"firstPositionDeltaTop":-11},"contributionsState":{"editor.contrib.wordHighlighter":false,"editor.contrib.folding":{"collapsedRegions":null,"lineCount":26,"provider":"indent"}}},"main-code_file:///Users/Tabbits/Desktop/workspace/miniprograme/ding_conference/dingding_conference/dingding_conference/conference/page/meetingAgenda/conferenceDetail/conferenceDetail.json":{"cursorState":[{"inSelectionMode":false,"selectionStart":{"lineNumber":1,"column":1},"position":{"lineNumber":1,"column":1}}],"viewState":{"scrollLeft":0,"firstPosition":{"lineNumber":1,"column":1},"firstPositionDeltaTop":0},"contributionsState":{"editor.contrib.wordHighlighter":false,"editor.contrib.folding":{"collapsedRegions":null,"lineCount":3,"provider":"indent"}}},"main-code_debugger-internal://?id%3D778%26url%3D%26origin%3D%252F%252F":{"cursorState":[{"inSelectionMode":false,"selectionStart":{"lineNumber":1,"column":48},"position":{"lineNumber":1,"column":48}}],"viewState":{"scrollLeft":0,"firstPosition":{"lineNumber":1,"column":1},"firstPositionDeltaTop":34},"contributionsState":{"editor.contrib.wordHighlighter":false,"editor.contrib.folding":{"collapsedRegions":null,"lineCount":1,"provider":"indent"}}},"main-code_debugger-internal://?id%3D790%26url%3D%26origin%3D%252F%252F":{"cursorState":[{"inSelectionMode":false,"selectionStart":{"lineNumber":1,"column":48},"position":{"lineNumber":1,"column":48}}],"viewState":{"scrollLeft":0,"firstPosition":{"lineNumber":1,"column":1},"firstPositionDeltaTop":34},"contributionsState":{"editor.contrib.wordHighlighter":false,"editor.contrib.folding":{"collapsedRegions":null,"lineCount":1,"provider":"indent"}}},"main-code_file:///Users/Tabbits/Desktop/workspace/miniprograme/ding_conference/dingding_conference/dingding_conference/conference/page/index/index.json":{"cursorState":[{"inSelectionMode":false,"selectionStart":{"lineNumber":4,"column":2},"position":{"lineNumber":4,"column":2}}],"viewState":{"scrollLeft":0,"firstPosition":{"lineNumber":1,"column":1},"firstPositionDeltaTop":0},"contributionsState":{"editor.contrib.wordHighlighter":false,"editor.contrib.folding":{"collapsedRegions":null,"lineCount":4,"provider":"indent"}}},"main-code_file:///Users/Tabbits/Desktop/workspace/miniprograme/ding_conference/dingding_conference/dingding_conference/conference/page/meetingAgenda/conferenceDetail/conferenceDetail.acss":{"cursorState":[{"inSelectionMode":false,"selectionStart":{"lineNumber":290,"column":17},"position":{"lineNumber":290,"column":17}}],"viewState":{"scrollLeft":0,"firstPosition":{"lineNumber":284,"column":1},"firstPositionDeltaTop":-23},"contributionsState":{"editor.contrib.wordHighlighter":false,"editor.contrib.folding":{"collapsedRegions":null,"lineCount":469,"provider":"indent"}}},"main-code_file:///Users/Tabbits/Desktop/workspace/miniprograme/ding_conference/dingding_conference/dingding_conference/conference/utils/http.js":{"cursorState":[{"inSelectionMode":true,"selectionStart":{"lineNumber":33,"column":19},"position":{"lineNumber":33,"column":41}}],"viewState":{"scrollLeft":0,"firstPosition":{"lineNumber":19,"column":1},"firstPositionDeltaTop":-14},"contributionsState":{"editor.contrib.wordHighlighter":false,"editor.contrib.folding":{"collapsedRegions":null,"lineCount":44,"provider":"indent"}}},"main-code_file:///Users/Tabbits/Desktop/workspace/miniprograme/ding_conference/dingding_conference/dingding_conference/conference/config/config.js":{"cursorState":[{"inSelectionMode":false,"selectionStart":{"lineNumber":3,"column":40},"position":{"lineNumber":3,"column":40}}],"viewState":{"scrollLeft":0,"firstPosition":{"lineNumber":1,"column":1},"firstPositionDeltaTop":0},"contributionsState":{"editor.contrib.wordHighlighter":false,"editor.contrib.folding":{"collapsedRegions":null,"lineCount":12,"provider":"indent"}}},"main-code_file:///Users/Tabbits/Desktop/workspace/miniprograme/ding_conference/dingding_conference/dingding_conference/conference/utils/utils.js":{"cursorState":[{"inSelectionMode":false,"selectionStart":{"lineNumber":17,"column":9},"position":{"lineNumber":17,"column":9}}],"viewState":{"scrollLeft":0,"firstPosition":{"lineNumber":1,"column":1},"firstPositionDeltaTop":0},"contributionsState":{"editor.contrib.wordHighlighter":false,"editor.contrib.folding":{"collapsedRegions":null,"lineCount":19,"provider":"indent"}}},"main-code_file:///Users/Tabbits/Desktop/workspace/miniprograme/ding_conference/dingding_conference/dingding_conference/conference/page/index/notes/notes.js":{"cursorState":[{"inSelectionMode":true,"selectionStart":{"lineNumber":12,"column":11},"position":{"lineNumber":12,"column":17}}],"viewState":{"scrollLeft":0,"firstPosition":{"lineNumber":6,"column":1},"firstPositionDeltaTop":-11},"contributionsState":{"editor.contrib.wordHighlighter":false,"editor.contrib.folding":{"collapsedRegions":null,"lineCount":130,"provider":"indent"}}},"main-code_file:///Users/Tabbits/Desktop/workspace/miniprograme/ding_conference/dingding_conference/dingding_conference/conference/page/index/notes/notes.axml":{"cursorState":[{"inSelectionMode":false,"selectionStart":{"lineNumber":23,"column":71},"position":{"lineNumber":23,"column":71}}],"viewState":{"scrollLeft":0,"firstPosition":{"lineNumber":17,"column":1},"firstPositionDeltaTop":-11},"contributionsState":{"editor.contrib.wordHighlighter":false,"editor.contrib.folding":{"collapsedRegions":null,"lineCount":27,"provider":"indent"}}},"main-code_file:///Users/Tabbits/Desktop/workspace/miniprograme/ding_conference/dingding_conference/dingding_conference/conference/model/notes.js":{"cursorState":[{"inSelectionMode":true,"selectionStart":{"lineNumber":1,"column":38},"position":{"lineNumber":1,"column":1}}],"viewState":{"scrollLeft":0,"firstPosition":{"lineNumber":1,"column":1},"firstPositionDeltaTop":34},"contributionsState":{"editor.contrib.wordHighlighter":false,"editor.contrib.folding":{"collapsedRegions":null,"lineCount":19,"provider":"indent"}}},"main-code_file:///Users/Tabbits/Desktop/workspace/miniprograme/ding_conference/dingding_conference/dingding_conference/conference/page/index/notes/notes.acss":{"cursorState":[{"inSelectionMode":false,"selectionStart":{"lineNumber":75,"column":1},"position":{"lineNumber":75,"column":1}}],"viewState":{"scrollLeft":0,"firstPosition":{"lineNumber":65,"column":1},"firstPositionDeltaTop":-7},"contributionsState":{"editor.contrib.wordHighlighter":false,"editor.contrib.folding":{"collapsedRegions":null,"lineCount":96,"provider":"indent"}}},"main-code_file:///Users/Tabbits/Desktop/workspace/miniprograme/ding_conference/dingding_conference/dingding_conference/conference/model/users.js":{"cursorState":[{"inSelectionMode":false,"selectionStart":{"lineNumber":19,"column":37},"position":{"lineNumber":19,"column":37}}],"viewState":{"scrollLeft":0,"firstPosition":{"lineNumber":3,"column":1},"firstPositionDeltaTop":-26},"contributionsState":{"editor.contrib.wordHighlighter":false,"editor.contrib.folding":{"collapsedRegions":null,"lineCount":144,"provider":"indent"}}},"main-code_file:///Users/Tabbits/Desktop/workspace/miniprograme/ding_conference/dingding_conference/dingding_conference/conference/model/conference.js":{"cursorState":[{"inSelectionMode":false,"selectionStart":{"lineNumber":19,"column":14},"position":{"lineNumber":19,"column":14}}],"viewState":{"scrollLeft":0,"firstPosition":{"lineNumber":6,"column":1},"firstPositionDeltaTop":-26},"contributionsState":{"editor.contrib.wordHighlighter":false,"editor.contrib.folding":{"collapsedRegions":null,"lineCount":27,"provider":"indent"}}},"main-code_file:///Users/Tabbits/Desktop/workspace/miniprograme/ding_conference/dingding_conference/dingding_conference/conference/model/agenda.js":{"cursorState":[{"inSelectionMode":false,"selectionStart":{"lineNumber":12,"column":11},"position":{"lineNumber":12,"column":11}}],"viewState":{"scrollLeft":0,"firstPosition":{"lineNumber":1,"column":1},"firstPositionDeltaTop":0},"contributionsState":{"editor.contrib.wordHighlighter":false,"editor.contrib.folding":{"collapsedRegions":null,"lineCount":14,"provider":"indent"}}},"main-code_file:///Users/Tabbits/Desktop/workspace/miniprograme/ding_conference/dingding_conference/dingding_conference/conference/model/checkIn.js":{"cursorState":[{"inSelectionMode":false,"selectionStart":{"lineNumber":8,"column":8},"position":{"lineNumber":8,"column":8}}],"viewState":{"scrollLeft":0,"firstPosition":{"lineNumber":5,"column":1},"firstPositionDeltaTop":-2},"contributionsState":{"editor.contrib.wordHighlighter":false,"editor.contrib.folding":{"collapsedRegions":null,"lineCount":189,"provider":"indent"}}},"main-code_file:///Users/Tabbits/Desktop/workspace/miniprograme/ding_conference/dingding_conference/dingding_conference/conference/model/system.js":{"cursorState":[{"inSelectionMode":false,"selectionStart":{"lineNumber":11,"column":2},"position":{"lineNumber":11,"column":2}}],"viewState":{"scrollLeft":0,"firstPosition":{"lineNumber":1,"column":1},"firstPositionDeltaTop":0},"contributionsState":{"editor.contrib.wordHighlighter":false,"editor.contrib.folding":{"collapsedRegions":null,"lineCount":11,"provider":"indent"}}},"main-code_file:///Users/Tabbits/Desktop/workspace/miniprograme/ding_conference/dingding_conference/dingding_conference/conference/utils/storage.js":{"cursorState":[{"inSelectionMode":false,"selectionStart":{"lineNumber":22,"column":25},"position":{"lineNumber":22,"column":25}}],"viewState":{"scrollLeft":0,"firstPosition":{"lineNumber":8,"column":1},"firstPositionDeltaTop":-11},"contributionsState":{"editor.contrib.wordHighlighter":false,"editor.contrib.folding":{"collapsedRegions":null,"lineCount":28,"provider":"indent"}}},"main-code_file:///Users/Tabbits/Desktop/workspace/miniprograme/ding_conference/dingding_conference/dingding_conference/conference/utils/auth.js":{"cursorState":[{"inSelectionMode":false,"selectionStart":{"lineNumber":7,"column":19},"position":{"lineNumber":7,"column":19}}],"viewState":{"scrollLeft":0,"firstPosition":{"lineNumber":1,"column":1},"firstPositionDeltaTop":0},"contributionsState":{"editor.contrib.wordHighlighter":false,"editor.contrib.folding":{"collapsedRegions":null,"lineCount":15,"provider":"indent"}}},"main-code_file:///Users/Tabbits/Desktop/workspace/miniprograme/ding_conference/dingding_conference/dingding_conference/conference/model/auth.js":{"cursorState":[{"inSelectionMode":false,"selectionStart":{"lineNumber":6,"column":40},"position":{"lineNumber":6,"column":40}}],"viewState":{"scrollLeft":0,"firstPosition":{"lineNumber":1,"column":1},"firstPositionDeltaTop":0},"contributionsState":{"editor.contrib.wordHighlighter":false,"editor.contrib.folding":{"collapsedRegions":null,"lineCount":8,"provider":"indent"}}},"main-code_file:///Users/Tabbits/Desktop/workspace/miniprograme/ding_conference/dingding_conference/dingding_conference/conference/utils/http2.js":{"cursorState":[{"inSelectionMode":false,"selectionStart":{"lineNumber":50,"column":2},"position":{"lineNumber":50,"column":2}}],"viewState":{"scrollLeft":0,"firstPosition":{"lineNumber":4,"column":1},"firstPositionDeltaTop":-19},"contributionsState":{"editor.contrib.wordHighlighter":false,"editor.contrib.folding":{"collapsedRegions":null,"lineCount":50,"provider":"indent"}}},"main-code_file:///Users/Tabbits/Desktop/workspace/miniprograme/ding_conference/dingding_conference/dingding_conference/conference/page/meetingAgenda/bookMeetingRoom/bookMeetingRoom.acss":{"cursorState":[{"inSelectionMode":true,"selectionStart":{"lineNumber":161,"column":2},"position":{"lineNumber":152,"column":1}}],"viewState":{"scrollLeft":0,"firstPosition":{"lineNumber":141,"column":1},"firstPositionDeltaTop":-5},"contributionsState":{"editor.contrib.wordHighlighter":false,"editor.contrib.folding":{"collapsedRegions":null,"lineCount":206,"provider":"indent"}}},"main-code_file:///Users/Tabbits/Desktop/workspace/miniprograme/ding_conference/dingding_conference/dingding_conference/conference/page/index/addMeetingSummary/addMeetingSummary.json":{"cursorState":[{"inSelectionMode":false,"selectionStart":{"lineNumber":2,"column":26},"position":{"lineNumber":2,"column":26}}],"viewState":{"scrollLeft":0,"firstPosition":{"lineNumber":1,"column":1},"firstPositionDeltaTop":0},"contributionsState":{"editor.contrib.wordHighlighter":false,"editor.contrib.folding":{"collapsedRegions":null,"lineCount":3,"provider":"indent"}}},"main-code_file:///Users/Tabbits/Desktop/workspace/miniprograme/ding_conference/dingding_conference/dingding_conference/conference/page/meetingAgenda/agendaManagement/agendaManagement.js":{"cursorState":[{"inSelectionMode":false,"selectionStart":{"lineNumber":1,"column":1},"position":{"lineNumber":1,"column":1}}],"viewState":{"scrollLeft":0,"firstPosition":{"lineNumber":11,"column":1},"firstPositionDeltaTop":-13},"contributionsState":{"editor.contrib.wordHighlighter":false,"editor.contrib.folding":{"collapsedRegions":null,"lineCount":30,"provider":"indent"}}},"main-code_file:///Users/Tabbits/Desktop/workspace/miniprograme/ding_conference/dingding_conference/dingding_conference/conference/page/organization/myOrganization/myOrganization.js":{"cursorState":[{"inSelectionMode":true,"selectionStart":{"lineNumber":114,"column":11},"position":{"lineNumber":114,"column":17}}],"viewState":{"scrollLeft":0,"firstPosition":{"lineNumber":106,"column":1},"firstPositionDeltaTop":-15},"contributionsState":{"editor.contrib.wordHighlighter":false,"editor.contrib.folding":{"collapsedRegions":null,"lineCount":170,"provider":"indent"}}},"main-code_file:///Users/Tabbits/Desktop/workspace/miniprograme/ding_conference/dingding_conference/dingding_conference/conference/page/organization/myOrganization/myOrganization.acss":{"cursorState":[{"inSelectionMode":false,"selectionStart":{"lineNumber":1,"column":1},"position":{"lineNumber":1,"column":1}}],"viewState":{"scrollLeft":0,"firstPosition":{"lineNumber":1,"column":1},"firstPositionDeltaTop":34},"contributionsState":{"editor.contrib.wordHighlighter":false,"editor.contrib.folding":{"collapsedRegions":null,"lineCount":1,"provider":"indent"}}},"main-code_file:///Users/Tabbits/Desktop/workspace/miniprograme/ding_conference/dingding_conference/dingding_conference/conference/model/upload.js":{"cursorState":[{"inSelectionMode":false,"selectionStart":{"lineNumber":13,"column":12},"position":{"lineNumber":13,"column":12}}],"viewState":{"scrollLeft":0,"firstPosition":{"lineNumber":1,"column":1},"firstPositionDeltaTop":0},"contributionsState":{"editor.contrib.wordHighlighter":false,"editor.contrib.folding":{"collapsedRegions":null,"lineCount":19,"provider":"indent"}}},"main-code_file:///Users/Tabbits/Desktop/workspace/miniprograme/ding_conference/dingding_conference/dingding_conference/conference/page/statisticalReport/statisticalReport/statisticalReport.js":{"cursorState":[{"inSelectionMode":false,"selectionStart":{"lineNumber":12,"column":34},"position":{"lineNumber":12,"column":34}}],"viewState":{"scrollLeft":0,"firstPosition":{"lineNumber":5,"column":1},"firstPositionDeltaTop":-11},"contributionsState":{"editor.contrib.wordHighlighter":false,"editor.contrib.folding":{"collapsedRegions":null,"lineCount":153,"provider":"indent"}}},"main-code_file:///Users/Tabbits/Desktop/workspace/miniprograme/ding_conference/dingding_conference/dingding_conference/conference/components/grid/index.js":{"cursorState":[{"inSelectionMode":false,"selectionStart":{"lineNumber":1,"column":1},"position":{"lineNumber":1,"column":1}}],"viewState":{"scrollLeft":0,"firstPosition":{"lineNumber":39,"column":1},"firstPositionDeltaTop":-24},"contributionsState":{"editor.contrib.wordHighlighter":false,"editor.contrib.folding":{"collapsedRegions":null,"lineCount":85,"provider":"indent"}}},"main-code_file:///Users/Tabbits/Desktop/workspace/miniprograme/ding_conference/dingding_conference/dingding_conference/conference/components/grid/index.json":{"cursorState":[{"inSelectionMode":false,"selectionStart":{"lineNumber":1,"column":1},"position":{"lineNumber":1,"column":1}}],"viewState":{"scrollLeft":0,"firstPosition":{"lineNumber":1,"column":1},"firstPositionDeltaTop":0},"contributionsState":{"editor.contrib.wordHighlighter":false,"editor.contrib.folding":{"collapsedRegions":null,"lineCount":6,"provider":"indent"}}},"main-code_file:///Users/Tabbits/Desktop/workspace/miniprograme/ding_conference/dingding_conference/dingding_conference/conference/components/grid/index.wxss":{"cursorState":[{"inSelectionMode":false,"selectionStart":{"lineNumber":1,"column":1},"position":{"lineNumber":1,"column":1}}],"viewState":{"scrollLeft":0,"firstPosition":{"lineNumber":1,"column":1},"firstPositionDeltaTop":0},"contributionsState":{"editor.contrib.wordHighlighter":false,"editor.contrib.folding":{"collapsedRegions":null,"lineCount":2,"provider":"indent"}}},"main-code_file:///Users/Tabbits/Desktop/workspace/miniprograme/ding_conference/dingding_conference/dingding_conference/conference/components/grid/index.wxml":{"cursorState":[{"inSelectionMode":false,"selectionStart":{"lineNumber":1,"column":1},"position":{"lineNumber":1,"column":1}}],"viewState":{"scrollLeft":0,"firstPosition":{"lineNumber":1,"column":1},"firstPositionDeltaTop":0},"contributionsState":{"editor.contrib.wordHighlighter":false,"editor.contrib.folding":{"collapsedRegions":[],"lineCount":11}}},"main-code_file:///Users/Tabbits/Desktop/workspace/miniprograme/ding_conference/dingding_conference/dingding_conference/conference/components/grid/index.axml":{"cursorState":[{"inSelectionMode":false,"selectionStart":{"lineNumber":12,"column":8},"position":{"lineNumber":12,"column":8}}],"viewState":{"scrollLeft":0,"firstPosition":{"lineNumber":1,"column":1},"firstPositionDeltaTop":0},"contributionsState":{"editor.contrib.wordHighlighter":false,"editor.contrib.folding":{"collapsedRegions":null,"lineCount":12,"provider":"indent"}}},"main-code_file:///Users/Tabbits/Desktop/workspace/miniprograme/ding_conference/dingding_conference/dingding_conference/conference/page/meetingAgenda/takeOff/takeOff.axml":{"cursorState":[{"inSelectionMode":false,"selectionStart":{"lineNumber":1,"column":1},"position":{"lineNumber":1,"column":1}}],"viewState":{"scrollLeft":0,"firstPosition":{"lineNumber":1,"column":1},"firstPositionDeltaTop":0},"contributionsState":{"editor.contrib.wordHighlighter":false,"editor.contrib.folding":{"collapsedRegions":[],"lineCount":16}}},"main-code_file:///Users/Tabbits/Desktop/workspace/miniprograme/ding_conference/dingding_conference/dingding_conference/conference/page/statisticalReport/statisticalReport/statisticalReport.axml":{"cursorState":[{"inSelectionMode":false,"selectionStart":{"lineNumber":1,"column":1},"position":{"lineNumber":1,"column":1}}],"viewState":{"scrollLeft":0,"firstPosition":{"lineNumber":1,"column":1},"firstPositionDeltaTop":0},"contributionsState":{"editor.contrib.wordHighlighter":false,"editor.contrib.folding":{"collapsedRegions":null,"lineCount":31,"provider":"indent"}}},"main-code_file:///Users/Tabbits/Desktop/workspace/miniprograme/ding_conference/dingding_conference/dingding_conference/conference/page/statisticalReport/statisticalReport/statisticalReport.json":{"cursorState":[{"inSelectionMode":false,"selectionStart":{"lineNumber":3,"column":2},"position":{"lineNumber":3,"column":2}}],"viewState":{"scrollLeft":0,"firstPosition":{"lineNumber":1,"column":1},"firstPositionDeltaTop":0},"contributionsState":{"editor.contrib.wordHighlighter":false,"editor.contrib.folding":{"collapsedRegions":null,"lineCount":3,"provider":"indent"}}},"main-code_file:///Users/Tabbits/Desktop/workspace/miniprograme/ding_conference/dingding_conference/dingding_conference/conference/page/meetingAgenda/photo/photo.js":{"cursorState":[{"inSelectionMode":true,"selectionStart":{"lineNumber":29,"column":5},"position":{"lineNumber":29,"column":11}}],"viewState":{"scrollLeft":0,"firstPosition":{"lineNumber":27,"column":1},"firstPositionDeltaTop":-3},"contributionsState":{"editor.contrib.wordHighlighter":false,"editor.contrib.folding":{"collapsedRegions":null,"lineCount":200,"provider":"indent"}}},"main-code_file:///Users/Tabbits/Desktop/workspace/miniprograme/ding_conference/dingding_conference/dingding_conference/conference/page/meetingAgenda/photo/photo.axml":{"cursorState":[{"inSelectionMode":false,"selectionStart":{"lineNumber":1,"column":1},"position":{"lineNumber":1,"column":1}}],"viewState":{"scrollLeft":0,"firstPosition":{"lineNumber":1,"column":1},"firstPositionDeltaTop":0},"contributionsState":{"editor.contrib.wordHighlighter":false,"editor.contrib.folding":{"collapsedRegions":null,"lineCount":25,"provider":"indent"}}},"main-code_file:///Users/Tabbits/Desktop/workspace/miniprograme/ding_conference/dingding_conference/dingding_conference/conference/page/templates/labelTemplate/labelTemplate.js":{"cursorState":[{"inSelectionMode":true,"selectionStart":{"lineNumber":3,"column":3},"position":{"lineNumber":3,"column":9}}],"viewState":{"scrollLeft":0,"firstPosition":{"lineNumber":1,"column":1},"firstPositionDeltaTop":0},"contributionsState":{"editor.contrib.wordHighlighter":false,"editor.contrib.folding":{"collapsedRegions":null,"lineCount":5,"provider":"indent"}}},"main-code_file:///Users/Tabbits/Desktop/workspace/miniprograme/ding_conference/dingding_conference/dingding_conference/conference/page/conferenceManagement/addConference/addConference.js":{"cursorState":[{"inSelectionMode":true,"selectionStart":{"lineNumber":3,"column":3},"position":{"lineNumber":3,"column":9}}],"viewState":{"scrollLeft":0,"firstPosition":{"lineNumber":1,"column":1},"firstPositionDeltaTop":0},"contributionsState":{"editor.contrib.wordHighlighter":false,"editor.contrib.folding":{"collapsedRegions":null,"lineCount":5,"provider":"indent"}}},"main-code_file:///Users/Tabbits/Desktop/workspace/miniprograme/ding_conference/dingding_conference/dingding_conference/conference/page/conferenceManagement/conferenceManager/conferenceManager.js":{"cursorState":[{"inSelectionMode":true,"selectionStart":{"lineNumber":3,"column":3},"position":{"lineNumber":3,"column":9}}],"viewState":{"scrollLeft":0,"firstPosition":{"lineNumber":1,"column":1},"firstPositionDeltaTop":0},"contributionsState":{"editor.contrib.wordHighlighter":false,"editor.contrib.folding":{"collapsedRegions":null,"lineCount":5,"provider":"indent"}}},"main-code_file:///Users/Tabbits/Desktop/workspace/miniprograme/ding_conference/dingding_conference/dingding_conference/conference/page/meetingAgenda/takeOff/takeOff.js":{"cursorState":[{"inSelectionMode":false,"selectionStart":{"lineNumber":99,"column":57},"position":{"lineNumber":99,"column":57}}],"viewState":{"scrollLeft":0,"firstPosition":{"lineNumber":89,"column":1},"firstPositionDeltaTop":-26},"contributionsState":{"editor.contrib.wordHighlighter":false,"editor.contrib.folding":{"collapsedRegions":null,"lineCount":151,"provider":"indent"}}},"main-code_file:///Users/Tabbits/Desktop/workspace/miniprograme/ding_conference/dingding_conference/dingding_conference/conference/page/organization/singleMember/singleMember.js":{"cursorState":[{"inSelectionMode":false,"selectionStart":{"lineNumber":6,"column":48},"position":{"lineNumber":6,"column":48}}],"viewState":{"scrollLeft":0,"firstPosition":{"lineNumber":1,"column":1},"firstPositionDeltaTop":0},"contributionsState":{"editor.contrib.wordHighlighter":false,"editor.contrib.folding":{"collapsedRegions":null,"lineCount":18,"provider":"indent"}}},"main-code_file:///Users/Tabbits/Desktop/workspace/miniprograme/ding_conference/dingding_conference/dingding_conference/conference/page/test/test.js":{"cursorState":[{"inSelectionMode":false,"selectionStart":{"lineNumber":1,"column":1},"position":{"lineNumber":1,"column":1}}],"viewState":{"scrollLeft":0,"firstPosition":{"lineNumber":1,"column":1},"firstPositionDeltaTop":0},"contributionsState":{"editor.contrib.wordHighlighter":false,"editor.contrib.folding":{"collapsedRegions":null,"lineCount":30,"provider":"indent"}}},"main-code_file:///Users/Tabbits/Desktop/workspace/miniprograme/ding_conference/dingding_conference/dingding_conference/conference/model/FreeLogin.js":{"cursorState":[{"inSelectionMode":true,"selectionStart":{"lineNumber":39,"column":55},"position":{"lineNumber":39,"column":66}}],"viewState":{"scrollLeft":120,"firstPosition":{"lineNumber":27,"column":1},"firstPositionDeltaTop":-26},"contributionsState":{"editor.contrib.wordHighlighter":false,"editor.contrib.folding":{"collapsedRegions":null,"lineCount":48,"provider":"indent"}}},"main-code_file:///Users/Tabbits/Desktop/workspace/miniprograme/ding_conference/dingding_conference/dingding_conference/conference-internal/page/meetingAgenda/conferenceDetail/conferenceDetail.acss":{"cursorState":[{"inSelectionMode":true,"selectionStart":{"lineNumber":297,"column":2},"position":{"lineNumber":297,"column":20}}],"viewState":{"scrollLeft":0,"firstPosition":{"lineNumber":291,"column":1},"firstPositionDeltaTop":-24},"contributionsState":{"editor.contrib.wordHighlighter":false,"editor.contrib.folding":{"collapsedRegions":null,"lineCount":468,"provider":"indent"}}},"main-code_file:///Users/Tabbits/Desktop/workspace/miniprograme/ding_conference/dingding_conference/dingding_conference/conference-internal/page/organization/myOrganization/myOrganization.axml":{"cursorState":[{"inSelectionMode":false,"selectionStart":{"lineNumber":1,"column":1},"position":{"lineNumber":1,"column":1}}],"viewState":{"scrollLeft":0,"firstPosition":{"lineNumber":2,"column":1},"firstPositionDeltaTop":-20},"contributionsState":{"editor.contrib.wordHighlighter":false,"editor.contrib.folding":{"collapsedRegions":null,"lineCount":22,"provider":"indent"}}},"main-code_file:///Users/Tabbits/Desktop/workspace/miniprograme/ding_conference/dingding_conference/dingding_conference/conference-internal/page/statisticalReport/statisticalReport/statisticalReport.axml":{"cursorState":[{"inSelectionMode":false,"selectionStart":{"lineNumber":6,"column":63},"position":{"lineNumber":6,"column":63}}],"viewState":{"scrollLeft":0,"firstPosition":{"lineNumber":1,"column":1},"firstPositionDeltaTop":0},"contributionsState":{"editor.contrib.wordHighlighter":false,"editor.contrib.folding":{"collapsedRegions":null,"lineCount":52,"provider":"indent"}}},"main-code_file:///Users/Tabbits/Desktop/workspace/miniprograme/ding_conference/dingding_conference/dingding_conference/conference-internal/app.acss":{"cursorState":[{"inSelectionMode":false,"selectionStart":{"lineNumber":1,"column":1},"position":{"lineNumber":1,"column":1}}],"viewState":{"scrollLeft":0,"firstPosition":{"lineNumber":1,"column":1},"firstPositionDeltaTop":0},"contributionsState":{"editor.contrib.wordHighlighter":false,"editor.contrib.folding":{"collapsedRegions":null,"lineCount":313,"provider":"indent"}}},"main-code_file:///Users/Tabbits/Desktop/workspace/miniprograme/ding_conference/dingding_conference/dingding_conference/conference-internal/app.json":{"cursorState":[{"inSelectionMode":false,"selectionStart":{"lineNumber":1,"column":1},"position":{"lineNumber":1,"column":1}}],"viewState":{"scrollLeft":0,"firstPosition":{"lineNumber":1,"column":1},"firstPositionDeltaTop":0},"contributionsState":{"editor.contrib.wordHighlighter":false,"editor.contrib.folding":{"collapsedRegions":null,"lineCount":57,"provider":"indent"}}}}