{"tinyType":"dingtalk","tinyCnName":"钉钉","tinyProjectType":"dingtalk-biz","dingtalk:dingtalk-biz:tinyIcon":"https://gw.alipayobjects.com/zos/rmsportal/mAzWuEDGpTlpugsPXgzf.svg","dingtalk:dingtalk-biz:_appIdList":[{"orgName":"扬州云智","corpId":"dingb6feca243794ddb335c2f4657eb6378f","orgId":76275067,"apps":[{"miniAppName":"铛铛铛","bizType":2,"miniAppId":"2019032263679020","icon":"https://static.dingtalk.com/media/lADPDeC2t9FTsB7NAU7NAUc_327_334.jpg"},{"miniAppName":"支部党建","bizType":2,"miniAppId":"2019082666443634","icon":"https://static.dingtalk.com/media/lALPDeC2uhso78HMyMzI_200_200.png"}]},{"orgName":"sln测试","corpId":"ding5f3f8386103ebb3435c2f4657eb6378f","orgLogo":"","orgId":16312435,"apps":[{"miniAppName":"党员考勤","bizType":2,"miniAppId":"2019092367683938","icon":"https://static.dingtalk.com/media/lADPDeC2ubZ5yqHMyMzI_200_200.jpg"}]}],"dingtalk:dingtalk-biz:uploadTime":"2019-11-05 16:53:20","dingtalk:dingtalk-biz:packageSize":null,"dingtalk:dingtalk-biz:auditLink":null,"dingtalk:dingtalk-biz:whiteListLink":null,"dingtalk:dingtalk-biz:component2":false,"dingtalk:dingtalk-biz:_enableAutoPush":false,"dingtalk:dingtalk-biz:_appId":"2019082666443634","dingtalk:dingtalk-biz:_appName":"支部党建","dingtalk:dingtalk-biz:_orgId":76275067,"dingtalk:dingtalk-biz:_corpId":"dingb6feca243794ddb335c2f4657eb6378f","dingtalk:dingtalk-biz:remoteVersion":"0.0.39","dingtalk:dingtalk-biz:currentVersion":"0.0.40","dingtalk:dingtalk-biz:whiteList":["tabjin.vaiwan.com","api.yzcommunity.cn","www.yzcommunity.cn","m.amap.com"],"dingtalk:dingtalk-biz:h5WhiteList":[],"alipay:alipay-mini:tinyIcon":"https://gw.alipayobjects.com/zos/rmsportal/rcwFIauzePpMqlTzzanK.svg","alipay:alipay-mini:_appIdList":[],"alipay:alipay-mini:uploadTime":"","alipay:alipay-mini:packageSize":0,"alipay:alipay-mini:auditLink":null,"alipay:alipay-mini:whiteListLink":null,"alipay:alipay-mini:component2":false,"alipay:alipay-mini:_enableAutoPush":false,"dingtalk:dingtalk-biz-isv:tinyIcon":"https://gw.alipayobjects.com/zos/rmsportal/mAzWuEDGpTlpugsPXgzf.svg","dingtalk:dingtalk-biz:lastDeviceName":"iPhone 6","dingtalk:dingtalk-biz:createLink":null,"dingtalk:dingtalk-biz:locationAuth":true,"dingtalk:dingtalk-biz:location":{"longitude":"32.38012858072916","latitude":"119.40958767361111"},"dingtalk:dingtalk-biz:MockStore":{"dev_id":"sq9yhtaq4k","AccessToken":"30a5b3dd79dc5dbb69cf7aa520424a29","AccessTokenTime":1573098918,"isAdmin":true,"user":"1219441916791739","administrator":"1219441916791739"},"isSimulatorOpen":true,"isNotFirstToggleSimulator":true,"dingtalk:dingtalk-biz:albumAuth":true,"dingtalk:dingtalk-biz:cameraAuth":true,"SimulatorMode":"WINDOW","dingtalk:dingtalk-personal:component2":false,"dingtalk:dingtalk-personal:_enableAutoPush":false,"dingtalk:dingtalk-personal:_appIdList":[{"orgName":"扬州云智","corpId":"dingb6feca243794ddb335c2f4657eb6378f","orgId":76275067,"apps":[{"miniAppName":"tabjin三方个人","bizType":4,"miniAppId":"2019103168825148","icon":"https://i01.lw.aliimg.com/media/lALPDeC2uju3mYHMyMzI_200_200.png"}]}],"dingtalk:dingtalk-personal:uploadTime":"2019-10-31 09:25:04","dingtalk:dingtalk-personal:packageSize":null,"dingtalk:dingtalk-personal:tinyIcon":"https://gw.alipayobjects.com/zos/rmsportal/mAzWuEDGpTlpugsPXgzf.svg","dingtalk:dingtalk-personal:auditLink":null,"dingtalk:dingtalk-personal:whiteListLink":null,"dingtalk:dingtalk-personal:createLink":null,"dingtalk:dingtalk-personal:_appId":"2019103168825148","dingtalk:dingtalk-personal:_appName":"tabjin三方个人","dingtalk:dingtalk-personal:_orgId":76275067,"dingtalk:dingtalk-personal:_corpId":"dingb6feca243794ddb335c2f4657eb6378f","dingtalk:dingtalk-personal:remoteVersion":"0.0.1","dingtalk:dingtalk-personal:currentVersion":"0.0.2","dingtalk:dingtalk-personal:whiteList":[],"dingtalk:dingtalk-personal:h5WhiteList":[],"dingtalk:dingtalk-biz-isv:component2":false,"dingtalk:dingtalk-biz-isv:_enableAutoPush":false,"dingtalk:dingtalk-biz-isv:_appIdList":[{"orgName":"江苏云智传媒技术有限公司","corpId":"dingc5668b6252f05631","orgLogo":"@lALPDeC2uSvQSjvNASbNATg","orgId":1243014,"apps":[{"miniAppName":"支部党建","bizType":1,"miniAppId":"2019103168841154","icon":"https://static.dingtalk.com/media/lADPDeC2ujxSsyHMyMzI_200_200.jpg"}]}],"dingtalk:dingtalk-biz-isv:uploadTime":"","dingtalk:dingtalk-biz-isv:packageSize":0,"dingtalk:dingtalk-biz-isv:auditLink":null,"dingtalk:dingtalk-biz-isv:whiteListLink":null,"dingtalk:dingtalk-biz-isv:createLink":null,"dingtalk:dingtalk-biz-isv:_appId":"2019103168841154","dingtalk:dingtalk-biz-isv:_appName":"支部党建","dingtalk:dingtalk-biz-isv:_orgId":1243014,"dingtalk:dingtalk-biz-isv:_corpId":"dingc5668b6252f05631","dingtalk:dingtalk-biz-isv:remoteVersion":"0.0.1","dingtalk:dingtalk-biz-isv:currentVersion":"0.0.2","dingtalk:dingtalk-biz-isv:whiteList":["futurenewtv.com"],"dingtalk:dingtalk-biz-isv:h5WhiteList":[],"dingtalk:dingtalk-biz-isv:experCorpId":"ding9982ecc40ac02a6f35c2f4657eb6378f","dingtalk:dingtalk-biz-isv:experCorpName":"公司1","dingtalk:dingtalk-biz-isv:MockStore":{"dev_id":"38l4kjgmv8","AccessToken":"0cc6be021a51d08e7bd88684531f96fe","AccessTokenTime":1572577758,"isAdmin":null,"user":null},"dingtalk:dingtalk-biz:stopRefresh":false}